clade	gene	site	alt
C	nuc	684	T
C	nuc	798	C
B2	nuc	132	A
B2	nuc	343	T
B2	nuc	459	A
B3	nuc	102	A
B3	nuc	270	C
B3	nuc	468	G
B1	nuc	687	T
B1	nuc	702	T
B	nuc	198	A
B	nuc	390	G
B	nuc	807	G
A	nuc	207	A
A	nuc	291	A
A	nuc	834	C
A1	nuc	201	T
A1	nuc	533	C
A1	nuc	891	T
A2/D2	nuc	132	T
A2/D2	nuc	201	T
A2/D2	nuc	345	G

B3-US18	nuc	102	A
B3-US18	nuc	270	C
B3-US18	nuc	283	A
B3-US18	nuc	306	C

B3-EU18	nuc	102	A
B3-EU18	nuc	270	C
B3-EU18	nuc	208	T
B3-EU18	nuc	429	C

B3-EU19	nuc	102	A
B3-EU19	nuc	270	C
B3-EU19	nuc	240	A
B3-EU19	nuc	408	C
B3-EU19	nuc	4	A

B3.1	nuc	102	A
B3.1	nuc	270	C
B3.1	nuc	283	A
B3.1	nuc	141	A
B3.1	nuc	531	G
B3.1	nuc	633	A


A2/D-19	nuc	132	T
A2/D-19	nuc	201	T
A2/D-19	nuc	225	C
A2/D-19	nuc	284	G

B3.2	nuc	102	A
B3.2	nuc	270	T
B3.2	nuc	207	T
B3.2	nuc	564	C
